id,order,field_key,display_name,question,new_demo_autofill
1,1,externalSystems,External Systems,Describe how your organization maintains and updates its inventory of external information systems.,"The external systems inventory is maintained in the Central Asset Registry CAR and updated through automated discovery integrations with our cloud providers and internal asset management tooling. All external systems are tagged with ownership, classification, purpose, and service provider details, and changes are logged through our Configuration Management Database CMDB integration.

Monthly reconciliation is performed by the IT Asset Governance team, and exceptions are reviewed as part of our quarterly internal control audit. The process is governed by the External System Inventory Policy ESIP v2.3 and was most recently tested in our SOC 2 Type II audit with no exceptions noted."
2,2,breachNotification,Breach Notification,Explain the process your organization follows to notify data controllers promptly upon becoming aware of a privacy data breach.,"Privacy breach notification is governed by the Breach Response Protocol BRP v3.1. Upon detection of a privacy-related incident, our Incident Response Lead classifies the event and initiates the Data Breach Notification Workflow within our GRC platform. If the incident meets the reporting threshold, the Data Protection Officer coordinates legal, compliance, and communications leads to draft and issue controller notifications within 24 hours of breach confirmation.

Notifications include incident type, affected data categories, impact assessment, containment status, and assigned points of contact. All breach events are logged in the Privacy Incident Register and reviewed quarterly by the Risk and Privacy Steering Committee. The current notification process was independently validated during a GDPR readiness assessment in early 2025 and is tested twice annually through simulation exercises."
3,3,privacyIncidentProcedure,Privacy Incident Procedure,Detail your organization's formal procedures for reporting and responding to privacy-related incidents.,"Privacy-related incidents are handled under the procedures outlined in the Incident Response Playbook IRP-Privacy v4.2, which defines classification tiers, triage timelines, notification workflows, and root cause documentation requirements. All suspected incidents are logged through the SecureEvents portal and automatically routed to our Privacy Response Group, which includes Legal, Security, and the Data Governance team.

Each case is assigned a severity rating using the Privacy Incident Impact Scale PIIS and tracked in the Privacy Case Management System PCMS. Weekly review meetings are held to review open incidents, ensure SLA compliance, and validate containment and remediation plans. The full process is tested through live exercises twice a year and is reviewed annually by our internal audit team for completeness and operational effectiveness."
4,4,publicPrivacyNotice,Public Privacy Notice,Describe how your organization provides publicly accessible privacy notices or policies at all points of personal data collection and processing.,"Our privacy policy is accessible via the Privacy Center on our website and is embedded contextually within user flows, including sign-up, consent forms, product onboarding, and support interactions. The policy outlines data collection, use, rights, sharing, and retention practices, and includes dynamic jurisdictional language for GDPR, CPRA, and LGPD compliance.

Policy management is governed by the Public Disclosure and Transparency Policy PDTP v1.9 and maintained in collaboration between Legal, Privacy Engineering, and UX. Updates are version-controlled and published with a changelog and notification banner upon rollout. The privacy policy content and delivery experience were reviewed in our 2024 accessibility audit and received positive marks during our most recent client data protection assessment."
5,5,privacyLawCompliance,Privacy Law Compliance,"Explain how your organization's privacy policies and standards are designed to protect customer privacy and comply with global and local privacy regulations (e.g., GDPR, CCPA, CPPA, GLBA).","Privacy governance is defined under our Global Privacy Compliance Framework GPCF v3.4, which maps regulatory obligations across jurisdictions including GDPR, CPRA, GLBA, and PIPEDA. Our framework establishes control families for data minimization, consent management, breach notification, and subject rights processing, each with mapped control owners and performance metrics.

All business units complete annual privacy control attestations, and new or significantly changed products must undergo a Privacy Impact Assessment PIA before launch. Policy updates are coordinated through the Legal and Risk teams and published in our internal compliance portal with release notes. In Q1 2025, our framework was independently benchmarked by a third-party consultancy and found to exceed baseline readiness across all major regulatory domains."
6,6,dataRetentionLimits,Data Retention Limits,Explain your organization's practices for retaining personal data only for the duration necessary for its intended purposes.,"Data retention is governed by the Data Lifecycle and Retention Policy DLRP v2.6, which defines maximum retention periods for each category of personal data based on business purpose, regulatory requirement, and classification tier. All retention rules are implemented through data lifecycle automation across production systems, with deletion or anonymization triggered at end-of-life events.

Biannual audits are conducted on randomly selected datasets to verify adherence to the policy, and exceptions such as litigation holds are tracked in the Legal Hold Registry. The DLRP was most recently reviewed in February 2025 and validated through our SOC 2 Type II audit with no control exceptions."
7,7,personalDataMinimization,Personal Data Minimization,Describe how your organization ensures that personal data collection and processing is limited to what is strictly necessary for intended purposes.,"Data minimization is enforced through our Privacy by Design Standard PbDS v1.3, which mandates that all new data collection activities undergo a Data Use Justification Review during intake. This review, coordinated by Legal and Privacy Engineering, evaluates purpose limitation, scope of data fields, and whether less invasive alternatives exist.

Only data fields deemed essential for business or legal purposes are approved for collection, and each is mapped to a declared processing purpose within our Data Inventory Management System. Privacy assurance tests are conducted quarterly, and findings are shared during the cross-functional Data Governance Council to ensure accountability and continuous refinement."
8,8,dataMinimizationTechniques,Data Minimization Techniques,"Detail the technical measures your organization employs, such as pseudonymization or encryption, to implement data minimization principles.","Technical data minimization is achieved through layered controls including pseudonymization of user identifiers in analytics platforms, field-level encryption for sensitive attributes, and environment-specific masking during test data generation. All systems that store or process personal data are subject to schema validation rules that enforce field-level restrictions aligned with business use cases.

Pseudonymization routines are documented in the Data Protection Configuration Manual DPCM v2.0, and outputs are subject to quarterly re-identification risk assessments. Our encryption protocols align with NIST SP 800-57, with all transmission secured via TLS 1.3 and storage protected using AES-256. These controls were successfully validated in our Q4 2024 internal privacy engineering audit."
9,9,dpoAppointment,DPO Appointment,"Detail your organization's appointment of a Data Protection Officer (DPO), their role in compliance oversight, and the implementation of clear, informed user consent mechanisms, including withdrawal processes.","A dedicated Data Protection Officer DPO has been appointed in accordance with GDPR Article 37 and reports directly to the board-level Risk Oversight Committee. The DPO leads regulatory risk analysis, advises on data protection impact assessments DPIAs, and serves as the escalation point for all data subject rights inquiries and breach-related notifications.

Consent is managed via our centralized Consent Preference Center, which allows users to provide, modify, or withdraw consent at any time through their account portal. All consent actions are recorded with timestamped audit logs and tied to processing activities through the Consent Registry System CRS. The DPO function was externally evaluated as part of our GDPR compliance readiness review in early 2025 and received no material findings."
10,10,developmentLifecycle,Development Lifecycle,Summarize the components and key stages of your organization's written System Development Lifecycle (SDLC).,"Our System Development Lifecycle SDLC is governed by the Secure Engineering Policy SEP v5.0 and includes clearly defined stages: planning, design, secure coding, testing, deployment, and post-release monitoring. Security is embedded at every phase, beginning with threat modeling during design and continuing through static and dynamic code analysis enforced in our CI/CD pipeline.

All application changes are tracked in our change management system and require peer review and security approval before deployment to production. The SDLC incorporates rollback planning, audit log generation, and remediation workflows for failed builds or security scans. This process is reviewed semi-annually by the Engineering Governance Team and was validated during our most recent ISO 27001 surveillance audit."
11,11,secureCodeReviews,Secure Code Reviews,Explain how your organization verifies that developers adhere to secure coding standards through source code reviews.,"All code contributions undergo mandatory secure code review by trained reviewers using our Pull Request Security Checklist PRSC, which aligns with OWASP Secure Coding Guidelines. Reviews are conducted in GitLab and enforced by branch protection rules that require at least one security-approved reviewer to sign off before merge.

Security-specific feedback is tracked in our Secure Code Review Tracker and analyzed quarterly for recurring patterns or retraining needs. Developers complete annual secure development training and must pass role-based knowledge checks to maintain reviewer eligibility. The review process and its effectiveness were validated during our 2024 AppSec maturity audit."
12,12,codeScanning,Code Scanning,Detail your organization's practices for performing automated static or dynamic source code scanning.,"Automated static and dynamic application security testing is embedded into our CI/CD pipeline and triggered on every build to protected branches. Static analysis is conducted using CodeQL and SonarQube, while authenticated DAST scans are performed in staging environments using StackHawk and Zaproxy.

Findings are triaged by severity and tracked in our Application Vulnerability Register AVR. Critical and high vulnerabilities are blocked from release by security gates unless formally exceptioned by the AppSec team. Scan coverage and remediation rates are reviewed monthly by the Security Engineering Lead and reported to the Risk Oversight Committee as part of ongoing software assurance metrics."
13,13,developerAccessControls,Developer Access Controls,Describe your organization's approach to restricting developer access to production environments or securing systems during code deployment.,"Developer access to production environments is tightly restricted through a zero standing privilege model enforced via our Privileged Access Management PAM platform. Code deployment is handled exclusively through automated pipelines, and developers do not have direct shell access to production infrastructure.

In emergency scenarios, Just-in-Time access can be granted for limited durations with multi-approver sign-off and full session recording. All access events are logged, and weekly audits are performed by the Infrastructure Security Team. Compliance with this model was reviewed in our most recent SOC 2 Type II audit and found fully effective in preventing privilege drift and unauthorized access."
14,14,backupRecoveryDocument,Backup Recovery Document,Explain your organization's documented requirements for backing up and restoring critical systems in cases of data loss or corruption.,"Backup and recovery governance is defined in the Business Continuity and Data Recovery Standard BCDRS v3.1. All critical systems are backed up daily, with high-availability assets utilizing continuous replication. Backups are encrypted using AES-256 and stored in geo-redundant cloud regions with automated integrity checks performed weekly.

Full recovery tests are conducted quarterly in isolated environments to validate completeness, speed, and documentation accuracy. The most recent backup restoration exercise achieved a 100 percent success rate across Tier 1 systems and was independently reviewed by our internal audit team in Q1 2025."
15,15,cyberLiabilityInsurance,Cyber Liability Insurance,"Explain your organization's coverage under Cyber Liability, Network Security, and Privacy Liability Insurance policies.","Our organization maintains active Cyber Liability, Network Security, and Privacy Liability Insurance policies underwritten by a leading global insurer, with $10M in combined coverage. Policies include breach response costs, regulatory fines, business interruption, and third-party liability, and are reviewed annually during our enterprise risk evaluation process.

Insurance certificates and coverage details are stored in the Risk & Compliance Portal and are verified during client due diligence reviews. Policy scope was expanded in January 2025 to reflect increased exposure from international operations and has been validated against our incident scenarios during tabletop simulations led by Legal and Risk."
16,16,dataLocationTracking,Data Location Tracking,Explain the procedures or technical measures your organization employs to define and document physical locations for processing and backing up customer data in cloud environments.,"All cloud data processing and storage locations are documented in the Cloud Data Residency Register CDRR and managed through automated inventory syncs with our cloud providers via native APIs. Region tags, backup site metadata, and compliance jurisdiction mappings are updated weekly and reconciled during monthly configuration drift checks.

Customer data is restricted to approved geographic zones based on contractual or regulatory requirements, and data movement across regions is monitored in real-time through our cloud security posture management CSPM platform. The residency register was reviewed during our 2025 data sovereignty audit and passed with no findings."
17,17,alternateFacilities,Alternate Facilities,"Outline your organization's exercise and testing program to demonstrate connectivity, capacity, and functionality at alternate recovery facilities.","Alternate recovery facilities are tested semi-annually through structured business continuity and disaster recovery exercises. Each test validates system failover, user authentication, application performance, and load-handling capacity against defined recovery time and point objectives RTO/RPO.

Test scenarios include simulated regional data center outages and supply chain disruptions, with full execution logs reviewed by the Resilience Governance Team. Results and remediation plans are documented in the Resilience Testing Report RTR and presented to senior leadership and internal audit as part of the annual enterprise risk review."
18,18,logicalAccess,Logical Access,Provide details on the established process your organization uses to grant logical access only to authorized individuals with legitimate business requirements.,"Logical access is governed by the Access Control and Provisioning Policy ACP v4.2 and is provisioned using a role-based access model tied to documented job functions. All access requests require managerial approval and justification, and provisioning is automated through workflows integrated with our HRIS and Identity Governance platform.

Quarterly access reviews are conducted for high-sensitivity systems, and any exceptions are logged in the Access Exceptions Register for remediation tracking. Terminated users are deprovisioned within 15 minutes via automated offboarding scripts, and all access logs are retained for audit in accordance with our data retention policy."
19,19,detectionSystems,Detection Systems,Explain your organization's procedures and tools for promptly investigating notifications from cybersecurity detection systems.,"All detection alerts are aggregated through our Security Information and Event Management SIEM platform, which ingests logs from EDR, firewall, cloud infrastructure, and SaaS applications. Alerts are triaged using a custom severity model and routed to the Security Operations Center SOC, which operates 24x7.

Critical alerts are reviewed within 15 minutes, and response workflows are executed using documented playbooks from the Incident Response Library. All investigation actions are timestamped and logged in the Incident Management Platform, and resolution metrics such as Mean Time to Acknowledge MTTA and Mean Time to Resolve MTTR are reviewed weekly by the Security Governance Team."
20,20,disasterRecoveryTesting,Disaster Recovery Testing,"Describe how your organization conducts comprehensive disaster recovery tests or exercises for all critical technology components, including frequency and scope.","Comprehensive disaster recovery tests are conducted annually and scoped to include all Tier 1 and Tier 2 systems, critical applications, and cloud infrastructure components. The tests simulate full-system outages, validate data restoration from backups, and confirm achievement of recovery time and point objectives RTO/RPO.

Results are documented in the Disaster Recovery Test Report DRTR and reviewed with the Business Continuity and IT Resilience teams within 10 business days. Identified issues are logged in the DR Remediation Tracker and monitored until closure. The most recent exercise in Q1 2025 demonstrated full recovery across 100 percent of declared systems with no critical failures."
21,21,appVulnerabilityScanning,App Vulnerability Scanning,"Provide details on how and when your organization conducts vulnerability scans for applications, including APIs, especially following significant changes or updates.","Application and API vulnerability scans are conducted quarterly and automatically triggered following significant changes, including updates to authentication logic, external integrations, or data processing workflows. Scanning is performed using authenticated tools such as Burp Suite and StackHawk in pre-production environments, aligned with OWASP Top 10 and API Security best practices.

All findings are logged in the Vulnerability Management Tracker and assigned severity-based SLAs for remediation. Resolved vulnerabilities are re-tested prior to closure, and scan completion rates are reviewed monthly by the AppSec team. Scan frequency and coverage requirements are defined in the Secure Software Development Policy SSDP v3.2 and were independently assessed during our 2024 third-party application security audit."
22,22,testingIssueTracking,Testing Issue Tracking,"Explain your organization's method for documenting and resolving issues identified during business continuity testing, including action planning and target timelines.","Issues identified during business continuity exercises are logged in the Business Continuity Test Issue Tracker BCTIT, categorized by severity, and assigned remediation owners. Each issue requires a documented root cause analysis and action plan with a target resolution timeline, reviewed and approved by the Resilience Program Manager.

Progress is monitored weekly during Business Continuity Governance meetings, and outstanding issues are escalated through the Risk Steering Committee if not resolved within SLA. Post-remediation validation is conducted during the next scheduled test cycle, and status summaries are included in the annual business continuity audit report."
23,23,cloudDataRetrieval,Cloud Data Retrieval,Describe how your organization enables cloud service consumers (CSCs) to programmatically retrieve their data via encrypted application interfaces to facilitate interoperability and portability.,"Cloud service consumers can retrieve their data programmatically through our RESTful and GraphQL APIs secured with OAuth 2.0 and TLS 1.3. Export formats include JSON and CSV, designed for compatibility with industry-standard systems. All data retrieval endpoints are documented in the Developer Portal and include usage limits and encryption expectations.

Export requests are logged and monitored through the API Gateway with support for payload encryption at rest during staging. Retrieval history is available to clients in their dashboard, and the system supports full data portability in compliance with GDPR Article 20 and other global data rights frameworks."
24,24,recoverySystemsUpdate,Recovery Systems Update,Detail the process for updating recovery documentation and systems at alternate sites after changes to primary systems or business processes.,"All production system and business process changes are subject to Change Control Policy CCP v3.1, which includes a mandatory step for updating related recovery documentation and alternate site configurations. Change tickets automatically notify the Resilience Engineering Team to review and apply updates to the recovery environment within five business days.

Recovery playbooks, infrastructure-as-code templates, and configuration baselines are version-controlled in our central DR repository. Validation of alternate site readiness is conducted quarterly and includes dry-run deployment of the most recent changes to confirm synchronization accuracy."
25,25,webApplicationSecurity,Web Application Security,"Describe the application-layer security solutions your organization employs, such as Web Application Firewalls (WAF) or proxy services.","Application-layer protection is enforced using a combination of Cloudflare WAF, internal API gateway security rules, and layered reverse proxy configurations. The WAF is tuned weekly to block OWASP Top 10 threats, bot traffic, and zero-day attack signatures, and all configuration changes require security approval and change control tracking.

Additional controls include TLS 1.3 enforcement, browser integrity checks, and rate limiting on authentication and sensitive endpoints. Security events are logged to our SIEM in real time and reviewed during weekly AppSec monitoring rounds. Application-layer protections are reviewed as part of our annual penetration test and were most recently validated in Q1 2025 with no critical issues reported."
26,26,technicalResilience,Technical Resilience,"Provide details on technical mechanisms, such as fail-safe systems, load balancing, or hot swapping, used to support resilience during typical and adverse scenarios.","Our infrastructure is designed with fault tolerance at its core, leveraging multi-region deployments with active-active load balancing and real-time data replication across cloud zones. All critical services run in containerized environments with hot-swappable instances and automated orchestration using Kubernetes and Terraform.

Traffic is routed through a resilient DNS and edge delivery system with integrated health checks, and failover procedures are tested quarterly through simulation exercises. Infrastructure telemetry is continuously monitored via our observability platform, and resilience metrics are reviewed monthly by the Site Reliability and Risk Engineering teams."
27,27,externalDependencyResilience,External Dependency Resilience,"Describe how your organization's resilience planning incorporates critical external dependencies and business partners, including participation in resilience exercises.","Critical third-party dependencies are identified and risk-tiered through our Third-Party Resilience Assessment Framework and logged in the External Dependency Register EDR. All Tier 1 vendors are required to provide annual attestations of their continuity and recovery capabilities, including documentation of their most recent BCP and DR tests.

Where feasible, key vendors participate in joint resilience exercises simulating upstream service failure, connectivity disruptions, and data availability loss. Results of these exercises are reviewed by the Business Continuity Steering Committee and documented in the Resilience Exercise Summary Report. Remediation plans and SLA adjustments are tracked in our Third-Party Risk Portal and followed up during quarterly business reviews."
28,28,backupProcessTesting,Backup Process Testing,"Explain your organization's procedures for regularly testing backup and replication processes, including full system recovery tests.","Backup and replication processes are tested quarterly across all environments using full recovery simulations and integrity validation scripts. Backup health is monitored continuously through our cloud-native backup platform, and test cases include restoration of encrypted volumes, transactional databases, and configuration states.

Each test generates a Backup Recovery Validation Report BRVR, reviewed by the Infrastructure and Compliance teams. Any failed scenarios are documented in the Backup Testing Exceptions Log and tracked until resolution. The most recent round of testing achieved a 100 percent success rate across Tier 1 systems and was independently reviewed during our internal audit in Q1 2025."
29,29,penetrationTesting,Penetration Testing,"Describe your organization's penetration testing processes, including frequency and triggering events, for hosted internet-facing applications and APIs.","Penetration tests are conducted annually on all internet-facing applications and APIs, and additionally triggered by significant changes such as architecture redesigns, new integrations, or updates to authentication mechanisms. Tests are performed by CREST-certified third-party vendors using methodologies based on OWASP Testing Guide and NIST 800-115.

Findings are logged in the Penetration Testing Tracker and assigned remediation SLAs based on severity. All critical vulnerabilities must be remediated and retested before the next release cycle. Executive summaries are shared with senior leadership, and test coverage is reviewed quarterly by the Risk and Application Security teams to ensure scope alignment and continuous improvement."
30,30,incidentContainment,Incident Containment,Outline your organization's incident response strategies designed to contain diverse types of cybersecurity incidents affecting your systems and information.,"Containment procedures are outlined in our Cybersecurity Incident Response Plan CIRP v4.0, which includes playbooks for ransomware, insider threats, credential compromise, DDoS, and third-party breaches. Each incident type has predefined isolation steps, escalation paths, and communication workflows coordinated by the Incident Response Team.

Containment tools include EDR-based isolation, API key revocation, DNS routing changes, and identity provider lockouts. Incident containment timelines and effectiveness are reviewed during monthly post-incident analysis sessions, and strategy updates are implemented as part of our continuous improvement process. The containment framework was last tested during a red team simulation in Q4 2024."
31,31,privacyPolicyDocument,Privacy Policy Document,Summarize the key components covered in your organization's written privacy policy.,"Our publicly accessible privacy policy outlines the categories of personal data collected, legal bases for processing, data sharing practices, retention periods, and user rights including access, correction, deletion, and objection. It also includes jurisdiction-specific disclosures for GDPR, CPRA, and other global regulations.

The policy is maintained under the Privacy Governance Framework PGF v3.0 and reviewed quarterly by Legal and the Data Protection Officer. Users are notified of any material changes via our Privacy Center and email, and previous versions are archived for reference in accordance with transparency requirements."
32,32,policyAcknowledgement,Policy Acknowledgement,Detail the process your organization uses to ensure employees acknowledge the acceptable use policy before gaining system access.,"All new hires must electronically acknowledge the Acceptable Use Policy AUP during onboarding via our HRIS platform before any access credentials are issued. The AUP outlines proper use of corporate systems, data handling expectations, prohibited behaviors, and device security requirements.

Re-attestation is required annually and upon any material policy update. Acknowledgments are timestamped and stored in the Policy Compliance Ledger for audit review. Compliance metrics are reported quarterly to the Security Governance Committee."
33,33,changeManagement,Change Management,"Describe your organization's written governance document covering the change management program, including scope and key controls.","Change management is governed by the Change Control Policy CCP v5.1, which defines required procedures for planning, risk assessment, approvals, and rollback preparation for all changes to production systems. Changes must be submitted via our centralized ITSM platform and undergo impact scoring and multi-role approval before execution.

Emergency changes follow a separate expedited workflow and must be documented and reviewed retroactively within 48 hours. All approved changes are logged in the Change Audit Register and reviewed weekly by the Change Advisory Board CAB. The program aligns with ITIL best practices and was reviewed during our 2024 SOC 2 Type II audit."
34,34,remoteMfa,Remote MFA,Explain your organization's multifactor authentication requirements for remote network access.,"Multifactor authentication MFA is required for all remote access to corporate networks and cloud environments. Enforcement is handled through our identity provider and PAM solution, requiring a combination of username-password credentials and a second factor, such as TOTP via mobile authenticator app or hardware security token.

Enrollment is mandatory during onboarding and is audited monthly by the IT Security team. Access requests without MFA are automatically denied and flagged in the Access Control Exception Log. Our MFA policy complies with NIST 800-63B and is outlined in the Network Access Security Policy NASP v3.0."
35,35,securityPolicy,Security Policy,"Describe your organization's documented information security or cybersecurity policies, including their scope and coverage.","The Information Security Policy ISP v6.2 outlines our security governance across domains including access control, data protection, incident response, asset management, and vendor risk. It applies to all personnel, systems, and third-party partners, and is reviewed semi-annually by the Security Governance Committee.

The policy framework is aligned with ISO 27001, NIST CSF, and SOC 2 criteria. All employees must attest to policy acceptance upon hire and annually thereafter. Policy changes are tracked with version control and published through the internal compliance portal with summary highlights and acknowledgment tracking."
36,36,changeAuditTrail,Change Audit Trail,Provide details on how your organization maintains an audit trail for tracking and documenting all system and process changes.,"All system and process changes are tracked in our centralized Change Management System, which logs requester identity, timestamps, approval workflows, impacted assets, and rollback plans. Changes are linked to ticket IDs and version control commits when applicable, and logs are retained for a minimum of 18 months.

Weekly audits of the change log are conducted by the Infrastructure Security Team to validate completeness and adherence to change procedures. Unauthorized or undocumented changes are escalated to the Change Advisory Board CAB for review and corrective action."
37,37,regulatoryCompliance,Regulatory Compliance,Explain how your cybersecurity policies and strategies explicitly address your organization's legal and regulatory compliance obligations.,"Our cybersecurity policies are developed in alignment with applicable regulatory frameworks including GDPR, CPRA, GLBA, and NYDFS. Each control domain is mapped to corresponding regulatory obligations in the Regulatory Compliance Matrix RCM, which is reviewed quarterly by the Legal and Compliance teams.

Policy updates are tracked through version-controlled change logs and communicated to relevant business units. Our most recent external compliance audit in Q1 2025 validated full alignment across required domains with no material gaps identified."
38,38,dataRetentionGovernance,Data Retention Governance,Summarize your organization's documented governance approach for managing data retention policies and procedures.,"Data retention governance is defined under the Data Lifecycle and Retention Policy DLRP v3.2. Retention periods are assigned based on data classification, regulatory requirements, and business needs, and are enforced through automated lifecycle rules across cloud and on-prem environments.

All deletion and archival actions are logged in the Data Retention Activity Log DRAL. Biannual policy reviews are conducted by the Records Governance Team, and legal hold exceptions are tracked separately in the Legal Preservation Register."
39,39,acceptableUse,Acceptable Use,Provide details about your organization's written acceptable use governance document covering information technology resources.,"The Acceptable Use Policy AUP v4.0 defines permitted and prohibited uses of organizational systems, software, and data. It applies to all employees, contractors, and third-party users and includes guidance on personal use, device handling, and data protection expectations.

Acknowledgment is required during onboarding and tracked annually through our HRIS platform. Violations are addressed in accordance with our Disciplinary Action Protocol and reviewed by HR and Security for corrective measures."
40,40,centralizedAuthentication,Centralized Authentication,"Summarize your organization's centralized account management and authentication system, including encryption practices for credentials at rest and in transit.","Centralized account management is implemented through our identity provider platform, which integrates with Active Directory and enforces SSO across all core systems. Authentication protocols include SAML 2.0 and OIDC, with credentials encrypted at rest using PBKDF2 and in transit using TLS 1.3.

Role-based access is defined by job function, and all authentication events are logged and monitored by our SIEM for anomaly detection. The system was reviewed as part of our SOC 2 Type II audit in Q1 2025 and passed without exception."
41,41,dataClassificationGovernance,Data Classification Governance,Summarize your organization's governance framework covering your data governance and classification program.,"Our data governance and classification framework is documented in the Information Handling and Classification Policy IHCP v2.5. Data is categorized into Public, Internal, and Restricted tiers based on sensitivity and business impact, with enforcement controls applied across storage, transfer, and access layers.

Classification labels are applied through automated data tagging tools integrated with our cloud platforms and endpoint agents. Quarterly audits are conducted to validate classification accuracy, and results are reported to the Data Governance Council for review and remediation where needed."
42,42,iamGovernance,IAM Governance,Summarize your organization's documented governance approach for identity and access management (IAM).,"Identity and access governance is defined under the IAM Governance Policy IAM-GOV v3.1. Access provisioning follows a strict role-based access control model, with automated workflows tied to our HRIS for Joiner, Mover, and Leaver events. Elevated access requires multi-approver signoff and is time-bound through our PAM system.

Quarterly access reviews are conducted for all critical systems, and any out-of-policy access is logged in the Access Governance Exceptions Register. IAM controls are aligned with NIST 800-53 and were last validated during our ISO 27001 recertification in 2024."
43,43,cloudSecurityRequirements,Cloud Security Requirements,Summarize your organization's documented governance requirements for cloud service infrastructure security and virtualization.,"Cloud infrastructure security is governed by the Cloud Security and Virtualization Policy CSV-P v2.4. The policy mandates encryption at rest and in transit, network segmentation, IAM hardening, and secure configuration baselines aligned with CIS Benchmarks. Infrastructure provisioning is fully automated using Terraform and includes pre-deployment security checks.

All cloud assets are continuously monitored using CSPM and CWPP tools, and violations of configuration policy are flagged in real time. This policy is reviewed semi-annually by Cloud Security Engineering and GRC and was validated during our 2025 SOC 2 Type II audit."
44,44,threatManagementGovernance,Threat Management Governance,Summarize your organization's documented governance covering your threat and vulnerability management program.,"Threat and vulnerability management is governed by the TVM Policy TVMP v3.6, which defines roles, scanning cadence, risk scoring methodology, and remediation SLAs. Vulnerability scans are conducted weekly for infrastructure and daily for application code repositories using Qualys, GitHub Advanced Security, and container scanning tools.

All high and critical findings are assigned remediation owners and tracked in the Vulnerability Management Dashboard until closure. Monthly metrics, including SLA compliance and repeat findings, are reviewed by the Risk and Security Engineering teams and presented to senior leadership in quarterly governance meetings."
45,45,amlGovernance,AML Governance,Summarize the key elements included in your organization's written anti-money laundering (AML) governance documentation.,"Our Anti-Money Laundering Program is governed by the AML Compliance Framework AML-CF v2.2, which includes customer due diligence CDD, enhanced due diligence EDD for high-risk customers, suspicious activity monitoring, and mandatory reporting protocols. All employees in relevant roles complete AML training annually, with certification tracked in the Learning Management System.

Suspicious transaction alerts are generated through rule-based detection in our financial monitoring platform and escalated to the AML Compliance Officer for investigation. The framework is reviewed annually and was last updated in January 2025 to incorporate FinCENÕs revised guidance on beneficial ownership transparency."
46,46,antiFraudGovernance,Anti-Fraud Governance,Provide details on your organization's documented anti-fraud governance measures and controls.,"Anti-fraud governance is outlined in the Fraud Risk Management Policy FRMP v3.0, which includes fraud risk assessments, transaction monitoring controls, whistleblower protections, and defined escalation procedures. High-risk transactions are flagged in real time using behavior-based detection models integrated into our financial systems.

All confirmed fraud incidents are logged in the Fraud Investigation Tracker and reviewed during monthly sessions with Legal, Compliance, and Risk. Employees receive fraud awareness training annually, and the policy is tested as part of our internal controls audit cycle."
47,47,loggingGovernance,Logging Governance,Summarize your organization's documented governance covering the management and oversight of system logging and monitoring programs.,"Logging and monitoring governance is defined in the Security Logging and Monitoring Policy SLMP v4.1. All production systems, cloud infrastructure, endpoints, and SaaS tools stream logs to our centralized SIEM, which is monitored 24x7 by the Security Operations Center SOC. Logs include authentication events, system changes, privileged access, and anomaly detection alerts.

Log retention follows a 12-month minimum and includes cryptographic integrity checks. Alert thresholds and correlation rules are reviewed quarterly by the Threat Detection Engineering team, and program performance is evaluated annually as part of our internal security audit."
48,48,encryptionGovernance,Encryption Governance,Explain your organization's documented governance for managing and implementing encryption across systems and data.,"Encryption governance is established in the Cryptographic Control Policy CCP v3.5. All sensitive data must be encrypted at rest using AES-256 and in transit using TLS 1.2 or higher. Encryption keys are managed through a centralized KMS with automated rotation and access restrictions enforced by role.

Configuration baselines for encryption are validated during deployment via security automation scripts, and exceptions require Security Council approval. The policy is reviewed semi-annually and aligns with NIST SP 800-57 and ISO 27001 Annex A controls."
49,49,transactionAuthentication,Transaction Authentication,"Explain how your organization manages authorization or independent authentication of transactions to protect against fraud, theft, and errors.","All high-risk financial transactions and system changes require independent transaction authentication enforced through multifactor mechanisms and dual-approval workflows. The Transaction Authentication Control Standard TACS v2.1 defines thresholds, roles, and audit requirements for approval processes.

Authentication tokens and access logs are stored in secure audit repositories and reviewed regularly by the Finance Security and Compliance teams. This framework was independently reviewed as part of our 2024 PCI DSS compliance assessment with no critical findings reported"
50,50,equipmentRedundancy,Equipment Redundancy,"Explain your organization's strategy for providing redundant equipment for critical business functions, including how you ensure equipment is independently located according to industry standards.","Redundancy for critical equipment is implemented through geographically dispersed data centers, configured in active-active or hot-standby modes based on business impact tier. All Tier 1 systems are backed by redundant compute, power, and networking components located at least 250 miles apart, in compliance with industry standards for regional separation.

Infrastructure design is documented in the Resilience Architecture Blueprint RAB v3.0 and validated annually through disaster recovery testing. Failover between primary and backup data centers is tested semi-annually with full operational logs reviewed by the Infrastructure Resilience Team."
51,51,passwordVisibility,Password Visibility,Explain how your organization ensures that passwords are concealed or obscured during login processes for systems handling client data.,"All password entry fields are masked by default across internal and external systems, and login forms are protected against autofill and keystroke logging attacks. Frontend frameworks enforce input type security, and password characters are never displayed in cleartext.

This control is part of our Secure Authentication Design Standard SADS v2.2, which is validated during secure code reviews and UI testing. The masking behavior was reviewed in our 2024 UX Security Audit and passed all compliance criteria related to visual obfuscation and accessibility."
52,52,privilegedUserLogs,Privileged User Logs,Explain your organization's procedures for logging and reviewing privileged user activities.,"All privileged user actions are logged in real-time through our Privileged Access Management PAM system and forwarded to the SIEM for retention and analysis. Logs include session start and end times, executed commands, accessed systems, and contextual metadata such as originating IP address.

Reviews are conducted weekly by the Security Operations team, with anomalies or policy violations escalated to the Risk Committee. The privileged activity review process is documented in the Access Oversight Policy AOP v3.1 and aligns with NIST 800-53 and ISO 27001 access control requirements."
53,53,physicalMfa,Physical MFA,"Describe your organization's use of multi-factor authentication (MFA) to restrict physical access to locations handling client data, ensuring unique identification of authorized personnel.","Physical access to data-handling environments is restricted through multi-factor authentication systems that include RFID access badges and biometric verification such as fingerprint or facial recognition. All entry points are equipped with access control panels integrated with our central physical security management system.

Access logs are retained for 12 months and reviewed monthly by the Facilities Security team. Any failed authentication attempts trigger real-time alerts to onsite security. The physical MFA program is defined in the Physical Security and Access Control Policy PSACP v2.4 and is tested during annual site access drills."
54,54,executiveCyberTraining,Executive Cyber Training,Explain the type and frequency of information security or cybersecurity situational awareness training provided specifically to your organization's senior management and governing body.,"Senior leadership receives cybersecurity situational awareness training twice annually, covering current threat landscapes, regulatory updates, incident trends, and board-level responsibilities in security governance. Training sessions are delivered live by the CISO and include tabletop simulations and executive-level threat briefings.

Participation is mandatory for all executive team members and board advisors and tracked through our Learning Management System LMS. The content is aligned with NIST CSF and was most recently refreshed in Q1 2025 following updated guidance on AI-related risks and supply chain threats."
55,55,complianceTraining,Compliance Training,"Describe the compliance-related training your organization provides, including its scope, frequency, and targeted audience.","Compliance training is required for all employees on an annual basis and includes modules on data privacy, anti-money laundering, acceptable use, and insider threat awareness. Specialized tracks are provided for high-risk roles in finance, legal, and engineering, with content tailored to regulatory exposure.

Training completion is tracked in our Learning Management System LMS, and results are reviewed quarterly by the Compliance and HR teams. Completion rates have exceeded 98 percent for the past three years and are included in our annual compliance report to executive leadership."
56,56,annualSecurityTraining,Annual Security Training,"Provide details on the cybersecurity awareness training curriculum, including frequency and completion requirements for employees.","All employees complete cybersecurity awareness training annually, with refresher modules triggered by role changes, policy updates, or major incidents. The curriculum includes phishing awareness, password hygiene, social engineering, secure data handling, and reporting suspicious activity.

Training is delivered via our LMS and reinforced through monthly phishing simulations and quarterly knowledge checks. Completion rates and simulation results are reviewed by the Security Awareness Program Manager and shared with department heads during quarterly risk meetings."
57,57,developerTraining,Developer Training,Provide details about your organization's training requirements for developers (including subcontractors) regarding secure system development practices.,"All internal and subcontracted developers must complete annual secure development training aligned with OWASP Top 10, secure API practices, and our internal Secure Coding Standard SCS v3.1. The training includes modules on input validation, authentication security, encryption use, and secure CI/CD workflows.

Completion is mandatory before production access is granted and is tracked via our Learning Management System LMS. Developers who regularly commit to protected branches must also complete quarterly secure coding refreshers, and training metrics are reviewed as part of our AppSec maturity scorecard."
58,58,accountCompromise,Account Compromise,Provide details about your organization's response and required actions when an account compromise is suspected.,"When an account compromise is suspected, the identity is immediately suspended via automated triggers in our IAM platform, and the user is prompted to reset credentials through a secure channel. Simultaneously, a case is opened in the Incident Response Tracker, and session logs are flagged for investigation.

Password reset policies are enforced through the Account Recovery Protocol ARP v2.3, and all credential resets require multi-factor re-verification. Confirmed incidents are escalated to the Incident Response Team and resolved in accordance with the Cybersecurity Incident Response Plan CIRP."
59,59,passwordPolicies,Password Policies,Describe your organization's standards and criteria for password policies applied to all systems managing client data.,"Password policies are defined in the Authentication Security Standard ASS v4.0 and apply to all internal, third-party, and client-facing systems. Passwords must be a minimum of 14 characters, include at least one uppercase letter, lowercase letter, number, and special character, and are checked against a database of known compromised credentials.

Password reuse is prohibited across internal systems, and forced rotation occurs every 180 days for administrative accounts. Policy enforcement is audited quarterly, and non-compliant systems are logged in the Identity Governance Exception Report."
60,60,defaultPasswords,Default Passwords,Detail the process your organization follows to verify modifications of default passwords and disable unnecessary default accounts prior to system deployment.,"Default accounts and passwords are automatically identified and removed during infrastructure provisioning using security configuration baselines and automated hardening scripts. Systems are scanned with CIS Benchmark profiles prior to deployment, and any remaining default credentials trigger a deployment halt in the CI/CD pipeline.

Verification steps are documented in the Secure Deployment Checklist SDC v3.2 and must be signed off by the Security Engineering team before go-live. This process is included in our quarterly infrastructure compliance audits and was reviewed with no findings in our 2025 SOC 2 Type II assessment."
61,61,deviceAccessMonitoring,Device Access Monitoring,"Explain the procedures and tools your organization uses to monitor, detect, and control access to devices, network connections, and data transfers.","Device and network access is continuously monitored through endpoint detection and response EDR agents, network access control NAC systems, and data loss prevention DLP tools. All connections to corporate systems are evaluated in real time based on location, device posture, and user role using a zero trust access model.

Data transfers are scanned for sensitive content using content inspection policies, and unauthorized USB or external device usage is blocked at the OS level. All monitoring logs are forwarded to our SIEM and reviewed daily by the SOC. These controls are defined in the Device and Network Access Policy DNAP v2.4."
62,62,crisisTeamAvailability,Crisis Team Availability,Detail the measures your organization implements to ensure that the crisis response team remains continuously available (24/7/365).,"The crisis response team operates on a 24/7/365 schedule, supported by a rotating on-call roster maintained in our Incident Command Platform. Roles include representatives from Legal, Security, IT Operations, and Communications, each with defined escalation procedures and redundancy assignments.

Availability is tested quarterly through unannounced call drills, and the full schedule is reviewed monthly by the Incident Response Program Manager. Backup contacts are trained and certified under the Crisis Readiness Program CRP, and staffing levels are reviewed annually to ensure global time zone coverage."
63,63,vendorContracts,Vendor Contracts,Explain how your organization ensures that contractual terms with critical subcontractors support and enforce effective business resilience.,"All contracts with critical subcontractors include resilience clauses that mandate business continuity and disaster recovery capabilities aligned with our Third-Party Resilience Standards TPRS v2.0. These clauses require annual attestation of DR readiness, RTO/RPO commitments, and breach notification timelines.

Contractual resilience obligations are reviewed by Legal and Risk during onboarding and renewal cycles. Vendors must participate in periodic continuity exercises or provide evidence of their testing results, which are logged in the Third-Party Resilience Compliance Register."
64,64,staffResilience,Staff Resilience,Detail the measures your operational resilience program includes to support staff during disruptive events.,"The operational resilience program includes flexible remote work capabilities, redundant collaboration platforms, and emergency communication protocols managed through our Crisis Notification System CNS. Staff receive preparedness training annually, and response roles are documented in department-level continuity plans.

Employee Assistance Programs EAP, mental health support, and relocation assistance are also available during extended disruptions. Resilience measures were activated successfully during a regional infrastructure outage in 2024, with zero disruption to customer services."
65,65,pandemicResponse,Pandemic Response,"Outline how your organization's resilience program incorporates measures to manage pandemics, infectious disease impacts, natural events, and absenteeism.","Our enterprise resilience program includes a Health and Environmental Disruption Response Plan HDRP v3.0 that covers pandemic response, workforce absenteeism, and natural disaster protocols. The plan outlines remote work enablement, supply chain rerouting, and backup staffing procedures across critical functions.

Workforce availability and operational risk thresholds are monitored through our Resilience Dashboard, which integrates data from HR, IT, and service delivery platforms. The program was most recently activated during COVID-19 and refined following the 2024 wildfire season, resulting in enhanced readiness scores in our annual internal resilience audit."
66,66,vendorBcmReview,Vendor BCM Review,Detail your organization's process for assessing and ensuring the alignment of your key subcontractors' Business Continuity Management (BCM) and operational resiliency programs with your standards.,"Key subcontractors are assessed annually through our Third-Party Risk Management Program, which includes BCM-specific questionnaires, policy reviews, and evidence of recent recovery testing. High-risk vendors must submit their latest BCP and DR results and demonstrate alignment with our Resilience Control Framework RCF v2.1.

Assessment results are logged in the Vendor Resilience Assessment Tracker VRAT and scored using a standardized risk rubric. Gaps are addressed through remediation plans or contractual revisions, and findings are reviewed during quarterly business continuity governance meetings."
67,67,continuityTesting,Continuity Testing,"Explain how your organization conducts and documents business continuity tests for all facilities and services that handle client data, specifying the testing frequency.","Business continuity tests are conducted annually for all in-scope facilities and services that process or store client data. These tests include simulated disruptions such as facility loss, power failure, and application outages, and validate communication procedures, system recovery, and staff coordination.

Results are documented in the Business Continuity Test Report BCTR and include scope, participation, success criteria, and any corrective actions. Reports are reviewed by the Risk Committee and audited annually as part of our enterprise resilience compliance program."
68,68,resiliencePolicy,Resilience Policy,Summarize your organization's written resilience policies covering business continuity and disaster recovery across relevant facilities handling client data.,"Resilience policies are defined in the Business Continuity and Disaster Recovery Policy BCDRP v4.0, which applies to all business units and facilities handling client data. The policy outlines requirements for continuity planning, recovery time and point objectives RTO/RPO, alternate site readiness, and testing cadence.

The policy is reviewed annually by the Business Resilience and Risk teams and aligns with ISO 22301. Updates and test results are distributed to stakeholders through the Resilience Governance Dashboard and retained for audit purposes."
69,69,bcpRolesResponsibilities,BCP Roles Responsibilities,"Explain how your business continuity plan outlines roles, responsibilities, and required skills for personnel involved in continuity operations.","Our Business Continuity Plan BCP outlines personnel roles, required capabilities, and responsibility matrices for each phase of continuity operationsÑresponse, recovery, and restoration. Each department has an assigned Continuity Coordinator responsible for activating their local plan and managing team-specific response tasks.

Skills and role assignments are documented in the BCP Role Directory, updated biannually, and validated through tabletop exercises. Critical functions also have designated backups and cross-trained personnel to ensure uninterrupted operations in the event of unavailability."
70,70,crisisManagementPlan,Crisis Management Plan,"Explain the scope and content of your organization's crisis management plan, covering all facilities and services handling client data.","The Crisis Management Plan CMP v3.2 covers response procedures for all critical incidents affecting facilities and services handling client data, including natural disasters, cyber incidents, and third-party failures. The plan defines activation criteria, communication protocols, escalation chains, and executive decision-making structures.

Each site has a localized version of the plan with assigned crisis leads and alternates. Crisis scenarios are tested semi-annually, and lessons learned are fed into plan revisions reviewed by the Crisis Governance Committee."
71,71,bcpPolicyReview,BCP Policy Review,Detail your organization's process for annually reviewing and approving the business continuity and recovery policy to ensure alignment with the current environment.,"The Business Continuity and Recovery Policy BCRP is reviewed annually by the Risk and Business Resilience teams to ensure alignment with current organizational structure, technology stack, regulatory requirements, and client obligations. Updates are proposed based on testing outcomes, audit findings, and risk assessments.

The revised policy is approved by executive leadership and published through the internal policy portal with version tracking and attestation workflows. The most recent review was completed in Q1 2025 following the completion of a major infrastructure modernization project."
72,72,bcpCommunicationPlan,BCP Communication Plan,Provide details about your organization's communication plan for notifying internal and external stakeholders during business continuity events.,"The Business Continuity Communication Plan BCCP v2.6 outlines procedures for internal and external stakeholder notifications during disruptive events. Internal notifications are handled via our mass alerting system integrated with HR and email directories, while external communications are managed by the Communications and Legal teams in coordination with executive leadership.

Communication templates, stakeholder contact lists, and messaging protocols are maintained in the Crisis Communication Toolkit and reviewed quarterly. The plan was last tested during a simulated regional outage drill in 2024 with full stakeholder acknowledgment within SLA windows."
73,73,continuityTraining,Continuity Training,"Summarize the training provided to your employees regarding their business continuity responsibilities, including the frequency and scope.","All employees complete annual business continuity training, which covers their departmental roles, response expectations, communication protocols, and escalation procedures. Staff in critical business functions receive additional role-specific training and participate in semi-annual tabletop exercises.

Training completion is tracked in the Learning Management System LMS, and results are reviewed by the Resilience Program Manager. Updates to training content are made following each test cycle and incorporated into the next scheduled session."
74,74,crisisTeamRoles,Crisis Team Roles,"Describe how your organization defines roles and responsibilities for its crisis response team, including involvement from employees at the business process level.","Crisis response team roles are defined in the Crisis Response Role Matrix CRRM and include executive command leads, operational coordinators, and department-level crisis liaisons. Each role includes required skills, communication responsibilities, and decision-making authority aligned with crisis severity levels.

Process-level employees are designated as functional responders for their business units and receive scenario-based training annually. Role assignments and responsibilities are reviewed during each quarterly crisis simulation and updated in the Crisis Response Plan CRM v3.4."
75,75,assetRetrieval,Asset Retrieval,Describe the process your organization follows to retrieve corporate assets from employees and subcontractors upon termination to support inventory reconciliation.,"Asset retrieval is initiated automatically through our offboarding workflow integrated with HRIS and IT asset management systems. Employees and subcontractors are required to return all issued devices and access cards by their final working day, and returns are tracked in the Asset Recovery Tracker ART.

If assets are not returned on time, the workflow escalates to the asset owner and Security team for follow-up. Inventory reconciliation is performed monthly and reviewed by Facilities and IT Asset Governance for completeness and accuracy."
76,76,cloudInteroperability,Cloud Interoperability,"Describe your organization's approach to addressing cloud service portability, interoperability, and vendor lock-in risks within your resiliency program.","Cloud service portability and vendor lock-in are mitigated through the use of open standards, containerized workloads, and infrastructure-as-code templates. All services are designed to be deployable across multiple cloud providers, and data exports are supported via standardized APIs and machine-readable formats.

Vendor exit strategies are documented in the Cloud Portability and Exit Playbook CPEP v2.1, which is reviewed annually during our resilience risk assessment. Recent provider portability was tested during a 2024 simulation involving cloud region migration with no data loss or downtime."
77,77,immutableRecoveryData,Immutable Recovery Data,Describe your organization's approach to maintaining isolated or immutable instances of recovery data.,"Immutable recovery data is maintained through write-once-read-many WORM storage configurations and air-gapped snapshots for all Tier 1 systems. Backups are encrypted, replicated to offsite storage, and subject to tamper-evidence checks using cryptographic hash validation.

The Immutable Backup Standard IBS v1.9 defines retention, access controls, and periodic recovery testing procedures. This approach was validated during a ransomware containment exercise in 2024, which demonstrated full recovery without data compromise."
78,78,powerBackup,Power Backup,"Describe your organization's approach to utilizing multiple power sources, such as generators and grid connections, considering load capacity and ongoing maintenance.","All critical facilities are supported by dual power grids and on-site backup generators with uninterruptible power supply UPS systems providing failover during transfer. Load capacity is calculated quarterly based on peak usage data and future demand forecasts.

Preventive maintenance for all power systems is performed monthly, and failover is tested under load conditions at least twice per year. Results are documented in the Power Resilience Maintenance Log PRML and reviewed by Facilities Engineering leadership."
79,79,securityExceptions,Security Exceptions,"Describe your organization's method for registering, managing, and documenting exceptions related to information security policies.","Information security policy exceptions are managed through the Security Exception Management Workflow SEMW, where requests are submitted, risk-scored, and routed to the appropriate approvers based on impact level. Approved exceptions are logged in the Information Security Exception Register ISER along with expiration dates and required compensating controls.

All active exceptions are reviewed quarterly by the GRC team, and expired entries trigger automated reminders for renewal or closure. Metrics are reported to the Risk Steering Committee as part of the monthly security governance review."
80,80,wirelessSegmentation,Wireless Segmentation,Describe your organization's approach to logically segregating non-production or guest wireless network segments from production networks.,"Non-production and guest wireless networks are segmented from production environments using VLANs, access control lists ACLs, and firewall rules enforced by our network security appliances. Guest traffic is restricted to internet-only access and cannot route to any corporate subnets.

Network segmentation policies are defined in the Wireless Network Security Standard WNSS v2.0 and validated through quarterly internal vulnerability scans. Any misconfigurations or policy violations are logged in the Network Isolation Exception Tracker for remediation and review."
81,81,standardChangeControl,Standard Change Control,Explain the process your organization uses to ensure all changes pass through a standardized change control review.,"All system and infrastructure changes follow a standardized process defined in the Change Management Policy CMP v4.3. Change requests must be submitted through our ITSM platform, undergo risk assessment, and receive multi-level approvals before execution. Automated CI/CD changes are also subject to review checkpoints based on change category.

Standard changes use predefined workflows but still require audit trail logging and periodic post-implementation review. Change control compliance is monitored weekly by the Change Advisory Board CAB and included in quarterly audit summaries."
82,82,emergingTechnologies,Emerging Technologies,Explain how your organization integrates cybersecurity considerations into the lifecycle of adopting emerging technologies from their inception.,"Cybersecurity is integrated into emerging technology adoption through our Secure Innovation Intake Process SIIP, which mandates security review at the concept and feasibility stages. Security Architects participate in technical assessments, risk modeling, and vendor evaluations before any deployment planning begins.

Pilot environments are isolated and undergo security testing and monitoring, with findings documented in the Emerging Tech Risk Register. Adoption decisions require sign-off from the Security and Innovation Councils to ensure alignment with our Risk Appetite Statement and existing control frameworks."
83,83,recoveryObjectives,Recovery Objectives,Detail how your organization's recovery point objectives support data integrity and align with the recovery time objectives established for critical operations.,"Recovery Point Objectives RPOs are defined for each system tier in the Business Impact Analysis BIA and aligned with associated Recovery Time Objectives RTOs to ensure continuity of operations without compromising data integrity. Tier 1 systems maintain an RPO of less than 1 hour through continuous replication, while Tier 2 and 3 systems follow scheduled backup intervals.

These objectives are tested quarterly during recovery simulations and validated through automated data integrity checks on restored environments. Metrics and any gaps are reviewed with executive stakeholders during the semi-annual resilience performance review."
84,84,criticalOperations,Critical Operations,"Describe your organization's defined objectives for resuming critical operations, including specific objectives for each critical service.","Resumption objectives for critical operations are defined in the Business Continuity Plan BCP and mapped to system tiers within the Business Impact Analysis BIA. Tier 1 servicesÑincluding payment processing, customer support systems, and compliance reportingÑhave an RTO of 4 hours and an RPO of 1 hour. Tier 2 services are targeted for restoration within 24 hours.

These objectives are validated through annual continuity testing, and test results are tracked in the Continuity Metrics Dashboard CMD. Results are reviewed by the Business Resilience Steering Committee to ensure response alignment and improve operational readiness."
85,85,fraudActivityReporting,Fraud Activity Reporting,"Describe your organization's process for tracking, reporting, and communicating suspected or confirmed fraud incidents to affected clients.","Suspected and confirmed fraud incidents are logged in the Fraud Incident Tracker and reviewed by the Fraud Response Team within 24 hours. Communication with affected clients is initiated based on predefined thresholds and follows the Client Fraud Notification Protocol CFNP v2.1, which includes secure messaging templates and escalation paths.

All client communications are coordinated with Legal and Customer Success to ensure accuracy, regulatory alignment, and sensitivity. Notification timelines and follow-ups are tracked in the CRM platform, and quarterly metrics are reported to the Risk and Compliance Committee."
86,86,cybersecurityRoles,Cybersecurity Roles,"Clarify how your organization defines and communicates roles and responsibilities within the cybersecurity workforce, including management of subcontractor personnel.","Cybersecurity roles and responsibilities are defined in the Cybersecurity Responsibility Matrix CRM and maintained by the GRC and HR teams. Each role includes skill requirements, escalation authority, and required certifications where applicable. Responsibilities are aligned to the NIST NICE Framework and reviewed annually.

Subcontractor personnel are onboarded through the same security awareness and access control programs as internal staff. Role-based expectations and security duties are outlined in contract language and communicated during onboarding by a designated Security Liaison."
87,87,insuranceCoverage,Insurance Coverage,Provide details regarding the types and scope of insurance coverage maintained by your organization.,"Our organization maintains a comprehensive insurance portfolio including WorkersÕ Compensation, Commercial General Liability, Cyber Liability, Errors and Omissions E&O, and Excess/Umbrella coverage. Policy limits and scope are based on an annual risk exposure assessment conducted with input from Legal and Finance.

Certificates of insurance COIs are stored in the Compliance Repository and are reviewed annually during vendor and client contract renewal cycles. The policy suite was last updated in January 2025 to account for expanded global operations and increased regulatory requirements."
88,88,networkRedundancy,Network Redundancy,"Explain how your organization diversifies telecommunication carriers and configures network redundancy, including the criteria for circuit sizing based on complexity and risk.","Our network architecture includes redundant telecommunication carriers for each primary facility, selected based on geographic diversity, failover reliability, and bandwidth scaling capabilities. Carrier selection and circuit sizing are defined by criticality tier, expected peak load, and acceptable downtime thresholds documented in the Network Resilience Plan NRP v2.3.

Failover testing is conducted semi-annually to validate seamless transition between carriers, and monitoring systems alert on degradation events in real-time. The redundancy configuration was validated during the 2024 enterprise continuity simulation with full restoration to backup connectivity within SLA."
89,89,dataLossPrevention,Data Loss Prevention,"Explain how your organization deploys Data Loss Prevention (DLP) measures to identify and mitigate unauthorized access, usage, or disclosure of client data.","Data Loss Prevention controls are enforced across email, endpoint, and cloud collaboration platforms using our integrated DLP suite. Policies include detection for sensitive data types such as PII, financial records, and access credentials, with real-time blocking and alerting on unauthorized transfer attempts.

Incidents are logged in the DLP Incident Tracker and reviewed daily by the Information Security team. DLP policies are updated quarterly based on emerging risk patterns and regulatory changes and are tested during annual tabletop exercises simulating insider threat scenarios."
90,90,dataLossGovernance,Data Loss Governance,Summarize your organization's documented governance approach for information and data loss prevention programs.,"Data Loss Prevention governance is defined under the Information Protection and DLP Policy IPDLP v3.1. The policy outlines ownership of DLP strategy, escalation workflows, detection rule requirements, and reporting thresholds. It applies across endpoints, email, and cloud services, and includes both preventative and detective control layers.

The policy is reviewed semi-annually by the GRC and Security Engineering teams. DLP program effectiveness is measured through blocked incident trends, rule false positive rates, and response time metrics, all of which are included in quarterly board-level security updates."
91,91,activityLogging,Activity Logging,"Describe how your organization logs and monitors user activity across applications, platforms, network devices, databases, and servers.","User activity across all core systems is logged using a centralized SIEM that aggregates data from application servers, databases, endpoint agents, and cloud platforms. Logs include login attempts, permission changes, system access, and data queries, all tagged with user identity and timestamp metadata.

Audit trails are retained for a minimum of 12 months and are reviewed weekly for anomalies by the Security Operations Center SOC. High-risk user behaviors are flagged for investigation, and quarterly access activity summaries are reviewed by GRC to validate oversight and adherence to monitoring policies."
92,92,incidentDocumentation,Incident Documentation,Explain your organization's approach to appropriately documenting and reporting cybersecurity incidents and related response activities.,"All cybersecurity incidents are documented in the Incident Management System IMS with details including event timeline, impacted assets, containment steps, root cause, and regulatory implications. Incident handlers complete a post-incident report using the standardized Cyber Incident Review Template CIRT v2.0.

High-severity events are reported to executive leadership and included in quarterly cybersecurity briefings. For regulated breaches, Legal and Compliance coordinate notifications within mandated timeframes and maintain evidence of notification in the Incident Disclosure Archive."
93,93,databaseSynchronization,Database Synchronization,"Detail your organization's technology solutions and processes for mirroring, replicating, or synchronizing production databases with backup databases.","Production databases are mirrored and replicated using real-time data synchronization tools, including native cloud provider replication services and third-party solutions such as Veeam and AWS Database Migration Service. Replication configurations are tiered based on system criticality, with Tier 1 systems using active-active configurations across regions.

Synchronization status is monitored 24x7, and failures trigger alerts to the Database Reliability Team. Replication logs are retained for 90 days and reviewed weekly to ensure RPOs are met. The replication process is governed by the Database Resilience Policy DRP v2.6."
94,94,webFiltering,Web Filtering,Describe the tools and technologies your organization employs to filter and block access to websites identified as high-risk or containing malicious content.,"Web filtering is enforced using a layered approach with DNS filtering and secure web gateways SWGs. Solutions such as Cisco Umbrella and Zscaler block access to domains flagged for malware, phishing, or inappropriate content, with real-time threat intelligence feeds integrated for dynamic updates.

Policy enforcement is user-role aware and applies across corporate devices regardless of location. Web access logs are analyzed in our SIEM, and blocked access attempts are reviewed weekly for false positives or policy tuning. Web filtering effectiveness is tested during quarterly threat surface reviews."
95,95,encryptionVerification,Encryption Verification,"Detail the process your organization uses to ensure no client data remains unencrypted, whether at rest or in transit.","Client data is encrypted at rest using AES-256 and in transit using TLS 1.3 or higher, as enforced by our Data Encryption Control Framework DECF v3.3. Encryption is applied across databases, file systems, backups, and internal APIs, with key management handled by a centralized KMS with access controls and audit logging.

Quarterly encryption compliance scans are performed using automated tools, and results are reviewed by Security Engineering. Any exceptions must be documented and approved by the CISO, with compensating controls tracked in the Encryption Exception Register."
96,96,clientDataSegregation,Client Data Segregation,Describe how your organization logically or physically segregates client data from other client data.,"Client data is logically segregated using tenant-specific access controls, database schemas, and encryption keys. Multi-tenant applications enforce row-level security and scoped access through identity and access management IAM policies. Data access is limited based on client-specific role mappings enforced at the API and service layer.

In high-sensitivity environments, physical segregation is applied using dedicated infrastructure or VPC isolation. Segregation controls are validated during quarterly architecture reviews and tested as part of our annual external penetration test."
97,97,tlsEncryptionStandards,TLS Encryption Standards,"Clarify the non-deprecated encryption methods your organization employs (e.g., TLS 1.2 or greater) for encrypting client data during external network transmission.","Client data in transit is encrypted using TLS 1.3 as the default protocol, with fallback to TLS 1.2 where required for legacy compatibility. Deprecated protocols and cipher suites such as SSL, RC4, and 3DES are explicitly disabled through baseline security configurations managed via our Infrastructure-as-Code framework.

Encryption compliance is validated through regular vulnerability scans and TLS configuration audits. Results are reviewed quarterly by the Security Engineering team and documented in the Encryption Assurance Tracker."
98,98,endpointMalwareScanning,Endpoint Malware Scanning,"Describe the antivirus and antimalware measures your organization employs on servers, laptops, and workstations.","All endpoints and servers are protected using an Endpoint Detection and Response EDR platform with built-in antivirus and antimalware capabilities. The solution performs real-time scanning, behavioral analysis, and automated remediation across all supported operating systems.

Definitions are updated continuously through cloud-based threat intelligence, and alert telemetry is forwarded to our SIEM for correlation and investigation. The antivirus policy is documented in the Endpoint Protection Standard EPS v2.4 and validated through monthly SOC reviews."
99,99,emailMalwareScanning,Email Malware Scanning,Explain your organization's methods for scanning email attachments and links to detect and mitigate malware or malicious content.,"All inbound and outbound emails are scanned using a cloud-based email security gateway that includes advanced malware detection, sandboxing, and link analysis. Attachments are scanned in real time, and suspicious content is quarantined for administrator review.

Malicious links are rewritten and scanned at click time using threat intelligence from multiple sources. Policies are defined in the Email Security and Threat Protection Policy ESTPP v3.1. Detection events are integrated with our SIEM and investigated by the Security Operations Center."
100,100,threatIntelligence,Threat Intelligence,Detail your organization's subscription to or partnerships with cyber threat intelligence providers and security information-sharing agencies.,"We maintain active threat intelligence feeds from commercial providers and participate in multiple security information-sharing communities including FS-ISAC and InfraGard. Threat intel is ingested into our SIEM and used to inform detection rule tuning, alert triage, and proactive threat hunting.

Weekly threat briefings are held by the Security Operations Center to review emerging IOCs, TTPs, and relevant advisories. Our Threat Intelligence Program is documented in the Threat Intelligence Integration Guide TIIG v2.0 and was reviewed during our most recent red team engagement for strategic coverage validation."
101,101,impactAnalysis,Impact Analysis,"Provide details on your organization's business impact analysis, highlighting how you define objectives for the resumption of critical operations.","Our Business Impact Analysis BIA is conducted annually and includes structured input from department leads, system owners, and executive sponsors. It identifies critical business functions, dependencies, recovery priorities, and the maximum tolerable downtime for each.

The BIA output defines RTO and RPO objectives by function and informs continuity planning, backup design, and resilience investments. Results are documented in the Resumption Objective Register and reviewed by the Business Continuity Governance Committee each fiscal year."
102,102,realisticTesting,Realistic Testing,Describe the realistic exercise and test scenarios your organization deploys to simulate business disruptions and assess the capability to meet business and customer expectations.,"Realistic business continuity scenarios are tested semi-annually and include simulations such as full data center outages, simultaneous vendor failures, targeted cyberattacks, and regional natural disasters. Exercises involve cross-functional teams and test internal coordination, external communication, and system recovery effectiveness.

Scenarios are designed in coordination with the Risk and Business Continuity teams and updated based on recent threat intelligence and audit findings. After-action reports are reviewed with executive leadership, and lessons learned are incorporated into future planning cycles."
103,103,riskAssessment,Risk Assessment,Outline your organization's approach and frequency for conducting information security risk assessments.,"Information security risk assessments are conducted biannually and whenever significant changes occur in infrastructure, business processes, or regulatory obligations. The assessments evaluate threats, vulnerabilities, and control effectiveness across systems and third-party dependencies.

Risks are prioritized using our internal scoring model and logged in the Enterprise Risk Register, with mitigation plans assigned to control owners. Results are reviewed by the Risk Committee and included in executive-level risk reporting."
104,104,riskBasedControls,Risk-Based Controls,Provide details on how your cybersecurity team deploys or updates security controls based on periodic risk assessments to manage cyber risks within your risk tolerance.,"Security controls are reviewed and updated as part of the biannual Information Security Risk Assessment cycle. Risk findings are mapped to control objectives using the Control Remediation Framework CRF v2.0, which prioritizes implementation based on severity, regulatory exposure, and business impact.

Control changes are documented in the Security Control Register and tracked through our GRC platform until verification and closure. Approved adjustments are included in quarterly risk posture reports presented to senior leadership."
105,105,incidentReporting,Incident Reporting,"Summarize the procedures your organization follows to communicate, alert, and periodically report cyber threats and incidents to internal and external stakeholders.","Cyber threats and incidents are communicated through the Incident Notification and Escalation Framework INEF v3.1. Internal alerts are sent via the Incident Response Platform with predefined escalation paths based on severity. Executive leadership, Legal, and Communications are notified for high-impact or regulatory events.

External stakeholders, including clients and regulators, are informed through secure communication channels following pre-approved templates and jurisdictional requirements. All communication timelines and content are logged in the Incident Disclosure Log for audit readiness and compliance tracking."
106,106,keyManagementStrategy,Key Management Strategy,"Describe your organization's established centralized cryptographic key management strategy, including management and storage practices.","Cryptographic keys are managed through a centralized Key Management System KMS that enforces automated key generation, rotation, and revocation policies. Keys are stored in hardware security modules HSMs, with access restricted to approved roles under the principle of least privilege.

Key lifecycle events are logged and monitored through our SIEM, and quarterly key audits are performed by the Cryptographic Operations team. The strategy is defined in the Key Management Policy KMP v2.7 and aligns with NIST SP 800-57 and ISO 27001 controls."
107,107,incidentPlanTesting,Incident Plan Testing,"Describe how your organization tests its incident management plan, including the frequency and methodologies employed.","The Incident Management Plan is tested twice per year through tabletop exercises and live simulations coordinated by the Incident Response and Risk teams. Scenarios include data breaches, ransomware, supply chain attacks, and insider threats, and involve Legal, Communications, IT, and executive leadership.

Each exercise generates an After-Action Report AAR that documents performance, communication flow, and areas for improvement. Lessons learned are incorporated into updated playbooks and response protocols maintained in the Incident Response Library IRL."
108,108,incidentManagementPlan,Incident Management Plan,"Provide details on your organization's documented incident management plan, including key components and scope.","The Incident Management Plan IMP v5.0 outlines roles, responsibilities, incident classification tiers, communication protocols, escalation paths, containment strategies, and post-incident review requirements. It applies across all departments and covers cyber, physical, and third-party incidents.

The plan is reviewed annually by the Incident Response Steering Committee and updated based on lessons learned from simulations and actual incidents. It is published in the internal GRC portal and linked to automated workflows in the Incident Response Platform."
109,109,incidentCoordination,Incident Coordination,"Explain how your organization coordinates incident responses with internal teams, external stakeholders, and law enforcement when necessary.","Incident coordination is managed through our Incident Command Framework ICF, which defines communication protocols between IT, Security, Legal, Communications, and executive leadership. External stakeholder coordination is handled by the Communications team using pre-approved messaging templates and encrypted communication channels.

Law enforcement involvement is triggered for incidents involving data theft, extortion, or regulatory impact and is coordinated by the Legal and Risk teams. Engagement decisions are logged in the Incident Escalation Register and reviewed post-incident for procedural alignment."
110,110,incidentPlanUpdates,Incident Plan Updates,"Explain your organization's process for updating incident response plans, including the incorporation of recent cyber threat intelligence, actual incidents, or insights from information sharing.","Incident response plans are reviewed quarterly and updated based on lessons learned from internal incidents, tabletop simulations, and new threat intelligence gathered from external sources such as FS-ISAC and commercial feeds. Updates are tracked through the Incident Response Change Log and versioned in the Incident Management Repository.

The updated plans are communicated to all response teams, and any major revisions require re-attestation from key stakeholders. The most recent update in Q1 2025 integrated new guidance on ransomware negotiation and cloud compromise scenarios."
111,111,incidentEscalation,Incident Escalation,Describe the escalation protocols and communication strategies included in your organization's incident response program.,"Escalation protocols are defined in the Incident Escalation Matrix IEM and are based on impact level, data sensitivity, and service disruption thresholds. Each severity tier includes specific notification timelines, responsible roles, and required executive or board-level involvement.

Communication strategies include templated internal notifications via our crisis communication platform and external communications managed by Legal and Communications teams. All escalations and messages are logged in the Incident Response Tracker for auditability and post-incident analysis."
112,112,incidentRoles,Incident Roles,"Clarify how your incident response program defines roles, responsibilities, and decision-making authorities within your organization.","Roles, responsibilities, and decision-making authorities are defined in the Incident Response Role Charter IRRC v2.3. Each incident type and severity tier includes designated leads for technical response, legal review, communication, and executive oversight.

All participants are assigned incident-specific duties within the Incident Management System, and access to response tools and data is governed by pre-approved role-based permissions. Role assignments are reviewed annually and updated as part of our incident readiness program."
113,113,incidentResponse,Incident Response,Explain your organization's process for reviewing and formally approving its Incident Response Plan over the past 12 months.,"The Incident Response Plan is reviewed annually by the Security Governance Committee and approved by the executive leadership team. The review includes input from Legal, IT, Risk, and external advisors, and incorporates changes driven by incident simulations, audit feedback, and regulatory updates.

The most recent review was completed in Q1 2025 and included formal sign-off from the CISO, CIO, and General Counsel. The updated plan is published in the GRC platform with tracked changes and attestation logs."
114,114,incidentContainmentSpeed,Incident Containment Speed,Describe your organization's process for timely containment and mitigation of cybersecurity incidents.,"Cybersecurity incidents are triaged within 15 minutes of detection and containment begins immediately based on predefined playbooks. Common containment actions include isolating affected endpoints, revoking credentials, blocking IP ranges, and disabling compromised APIs.

Response timelines are tracked in the Incident Response Dashboard, and each incident is assigned a response lead responsible for ensuring SLA adherence. Containment metrics such as Mean Time to Contain MTTC are reviewed weekly by the Incident Response Team."
115,115,forensicSupport,Forensic Support,"Describe your organization's capabilities and tools to conduct or support forensic investigations of cybersecurity incidents, including related protective and detective measures.","Our organization maintains an internal Digital Forensics team equipped with industry-standard tools including EnCase, FTK, and Volatility for memory and disk analysis. Forensic readiness is built into our logging strategy, which ensures availability of logs with sufficient retention, context, and integrity.

The Incident Response Plan includes a Forensic Readiness Appendix outlining evidence handling procedures, chain-of-custody documentation, and data preservation protocols. Forensic findings are documented in case reports and reviewed during post-incident analysis."
116,116,clientIncidentNotification,Client Incident Notification,Detail your organization's incident notification process for informing clients about suspected or confirmed security incidents affecting data or services.,"Client notifications for suspected or confirmed incidents follow the Client Incident Notification Procedure CINP v2.4, which includes predefined thresholds, timelines, and approval paths for initiating external communication. Notifications are coordinated by the Incident Response Lead, Legal, and Customer Success teams.

All communications are sent via secure channels and include incident type, data potentially affected, mitigation steps, and contact details for follow-up. Notification timeliness and content accuracy are reviewed post-incident, and performance is tracked in the Client Trust Metrics dashboard."
117,117,logRetention,Log Retention,"Outline your organization's approach to maintaining immediate access to recent activity and security event logs, specifying the retention period.","Our SIEM platform retains immediate access to activity and security logs for a rolling period of 12 months, with critical event logs archived for up to 5 years based on regulatory requirements. Logs include authentication attempts, configuration changes, system access, and data handling events.

Log access is limited to authorized personnel and subject to periodic access reviews. Retrieval performance is validated quarterly through SOC-led audit simulations to ensure readiness for compliance investigations and incident response."
118,118,cyberInvestigation,Cyber Investigation,"Detail your organization's approach to thoroughly investigating cyber events, including assessing the event's nature, scope, and impact.","Cyber events are investigated using a structured workflow within our Incident Management Platform. Each event is assessed for root cause, blast radius, affected data types, and potential regulatory impact. Investigations are led by Security Analysts with support from Legal, Infrastructure, and Application teams as needed.

Findings are documented in the Cyber Event Analysis Report CEAR and reviewed during weekly IR team syncs. High-impact investigations include executive briefings and corrective action plans. Post-incident improvements are tracked through the Continuous Improvement Log."
119,119,vulnerabilityRootCause,Vulnerability Root Cause,Explain how your organization conducts root cause analysis to identify and proactively address recurring software vulnerabilities.,"Root cause analysis RCA is required for all critical and repeat software vulnerabilities and is conducted using a standardized RCA template. Findings are reviewed by the AppSec and Development teams and include contributing factors, systemic issues, and mitigation steps.

Recurring vulnerability themes are tracked in the Secure Coding Insights Report and used to guide developer training and control enhancements. RCA outcomes are presented during monthly Engineering Governance meetings and reviewed quarterly by the Risk Committee."
120,120,disruptionRisk,Disruption Risk,Outline your organization's approach to conducting risk assessments that evaluate the likelihood and impact of potential disruptions.,"Operational disruption risks are evaluated semi-annually through structured Resilience Risk Assessments, which include scenario analysis for infrastructure failure, vendor disruption, cyber incidents, and natural disasters. Each risk is scored for likelihood and impact, with mitigation plans documented in the Operational Resilience Register.

Mitigations are reviewed during Business Continuity Steering Committee meetings and tested during resilience exercises. Key risks and control effectiveness metrics are included in board-level risk reporting."