Field Key,Question,Response
dataSchemaAlignment,Data Schema Alignment,"Our API data structures fully align with the FDX schema v5.1, validated through regular compliance testing."
endpointTestingMethodology,Endpoint Testing Methodology,"Endpoint functionality and data accuracy are verified through integration tests, automated API tests, and periodic manual audits."
fdxEndpointImplementation,FDX Endpoint Implementation,"All required FDX endpoints were implemented following the FDX API v5.1 specification, using structured agile development cycles."
fdxCertification,FDX Certification,We hold an annual third-party certification validating our APIÃs alignment with FDX v5.1 standards.
standardizedErrorHandling,Standardized Error Handling,"Our API strictly follows FDX error handling specifications, with regular validations and reviews conducted each release cycle."
fdxComplianceDeclaration,FDX Compliance Declaration,Compliance with FDX standards is formally declared annually through documented attestations shared with relevant stakeholders and clients.
fdxVersionManagement,FDX Version Management,"Our team proactively monitors FDX updates, incorporating new versions within 30 days of release, after internal validation."
dataTypeValidation,Data Type Validation,"Data types, naming conventions, and enumerations are validated through automated unit tests and manual reviews each release."
httpStatusValidation,HTTP Status Validation,"HTTP status code correctness is verified using automated tests, including negative tests for error responses, on every build."
authenticationDocumentation,Authentication Documentation,"Authentication documentation explicitly covers OAuth 2.0 workflows, token management practices, and associated security considerations."
apiDocumentationAccuracy,API Documentation Accuracy,"Our API documentation is regularly reviewed, updated with each release, and validated by both technical writers and developers."
incidentResponseDocumentation,Incident Response Documentation,Our incident response documentation undergoes biannual reviews and scenario-based updates to ensure completeness and effectiveness.
rolebasedAccessControl,Role-Based Access Control,"RBAC is implemented with clearly defined roles, permissions, and audit trails, regularly reviewed to maintain minimal necessary access."
fapiAndDpopSupport,FAPI & DPoP Support,"Our API supports FAPI 2.0 and DPoP, ensuring secure authentication, transaction protection, and compliance with financial-grade security practices."
oauthFlowImplementation,OAuth Flow Implementation,"OAuth 2.0 flows, including authorization code, client credentials, and refresh tokens, are implemented following RFC standards, validated by automated tests."
oauthTokenSecurity,OAuth Token Security,"Tokens are issued securely with strict validation, refreshed periodically, and revoked immediately upon compromise detection or expiration."
idTokenValidation,ID Token Validation,"ID tokens are issued and validated according to OpenID Connect specifications, including signature verification and claims validation."
openidConnectImplementation,OpenID Connect Implementation,"OpenID Connect is fully implemented with robust user identity validation and single sign-on (SSO) functionality, complying with OpenID standards."
mfaMethodsAvailability,MFA Methods Availability,"We offer multiple MFA options, including authenticator apps, SMS, and hardware tokens, supported by high-availability infrastructure."
mfaEffectivenessTesting,MFA Effectiveness Testing,"We regularly verify MFA effectiveness through automated testing, user scenario simulations, and periodic security audits."
passwordStorageSecurity,Password Storage Security,"Passwords are securely hashed using strong algorithms like bcrypt, salted uniquely, and stored securely following best practices."
passwordComplexityPolicies,Password Complexity Policies,"Our passwords require a minimum length of 12 characters with complexity enforced, and passwords are rotated every 90 days."
weakCipherRejection,Weak Cipher Rejection,"Weak or deprecated cipher suites are proactively rejected by our security gateways, backed by continuous monitoring tools."
strongCipherEnforcement,Strong Cipher Enforcement,Our API exclusively supports strong cipher suites through enforced configuration policies and automated periodic audits.
tlsEnforcement,TLS Enforcement,"We strictly enforce TLS 1.2 or higher by configuration policies, regular monitoring, and periodic compliance checks."
tlsConfigurationTesting,TLS Configuration Testing,"TLS configurations are validated through automated scans using tools like Qualys SSL Labs, supported by quarterly internal reviews."
vulnerabilityAssessmentSchedule,Vulnerability Assessment Schedule,"Vulnerability scans are conducted weekly, supplemented by monthly comprehensive assessments, and validated by quarterly reviews."
securityPatchManagement,Security Patch Management,"Security patches are prioritized by risk, tested promptly, and deployed at least monthly or immediately for critical vulnerabilities."
incidentResponseImprovement,Incident Response Improvement,After-action reports from incidents and drills are analyzed monthly to identify gaps and improve our response processes continuously.
incidentResponseTesting,Incident Response Testing,"Incident response drills are conducted quarterly, involving realistic scenarios with documented lessons learned for continuous improvement."
incidentResponseRoles,Incident Response Roles,"Incident response roles are clearly defined, documented in our IR plan, and communicated via regular training sessions."
dataCollectionAuditing,Data Collection Auditing,Data collection practices undergo quarterly internal audits and annual external compliance reviews.
encryptionStandards,Encryption Standards,"We employ AES-256 for data at rest and enforce TLS 1.2 or higher for data in transit, validated by regular security assessments."
encryptionKeyManagement,Encryption Key Management,"Encryption keys are securely managed, stored in hardened key management systems, and rotated regularly per internal policy."
vulnerabilityRemediationTimeline,Vulnerability Remediation Timeline,"Identified vulnerabilities are prioritized by severity and remediated within defined SLAs (e.g., critical within 48 hours)."
granularUserConsent,Granular User Consent,"Our consent forms clearly specify data uses, are updated regularly, and require explicit, granular consent from users for each use case."
consentWithdrawalHandling,Consent Withdrawal Handling,"Consent withdrawals are processed immediately through automated systems, ensuring full compliance within mandated timeframes."
userDataRightsMechanism,User Data Rights Mechanism,"Users can submit data rights requests via a dedicated portal, ensuring prompt response and regulatory compliance within specified timelines."
userDataDeletionRequests,User Data Deletion Requests,"User deletion requests are handled through a secure request portal, with processing and confirmation occurring within regulatory timelines."
automatedDataDeletion,Automated Data Deletion,chicken
dataMinimizationPractices,Data Minimization Practices,"Our data collection policies adhere strictly to data minimization principles, collecting only data necessary for specified purposes."
dataRetentionValidation,Data Retention Validation,"Retention periods for user data are regularly validated against legal obligations, and data exceeding these periods is securely deleted."
dataRemovalVerification,Data Removal Verification,"User data removal is confirmed through multiple checks across active systems, databases, and backups, ensuring comprehensive deletion."
unexpectedErrorManagement,Unexpected Error Management,"We handle unexpected errors with detailed logging, standardized error messaging, and failover strategies to maintain service continuity."